{"bin_left": [0.0, 0.012658227848101266, 0.02531645569620253, 0.0379746835443038, 0.05063291139240506, 0.06329113924050633, 0.0759493670886076, 0.08860759493670886, 0.10126582278481013, 0.11392405063291139, 0.12658227848101267, 0.13924050632911392, 0.1518987341772152, 0.16455696202531644, 0.17721518987341772, 0.18987341772151897, 0.20253164556962025, 0.21518987341772153, 0.22784810126582278, 0.24050632911392406, 0.25316455696202533, 0.26582278481012656, 0.27848101265822783, 0.2911392405063291, 0.3037974683544304, 0.31645569620253167, 0.3291139240506329, 0.34177215189873417, 0.35443037974683544, 0.3670886075949367, 0.37974683544303794, 0.3924050632911392, 0.4050632911392405, 0.4177215189873418, 0.43037974683544306, 0.4430379746835443, 0.45569620253164556, 0.46835443037974683, 0.4810126582278481, 0.49367088607594933, 0.5063291139240507, 0.5189873417721519, 0.5316455696202531, 0.5443037974683544, 0.5569620253164557, 0.569620253164557, 0.5822784810126582, 0.5949367088607594, 0.6075949367088608, 0.620253164556962, 0.6329113924050633, 0.6455696202531646, 0.6582278481012658, 0.6708860759493671, 0.6835443037974683, 0.6962025316455696, 0.7088607594936709, 0.7215189873417721, 0.7341772151898734, 0.7468354430379747, 0.7594936708860759, 0.7721518987341772, 0.7848101265822784, 0.7974683544303798, 0.810126582278481, 0.8227848101265822, 0.8354430379746836, 0.8481012658227848, 0.8607594936708861, 0.8734177215189873, 0.8860759493670886, 0.8987341772151899, 0.9113924050632911, 0.9240506329113924, 0.9367088607594937, 0.9493670886075949, 0.9620253164556962, 0.9746835443037974, 0.9873417721518987], "bin_right": [0.012658227848101266, 0.02531645569620253, 0.0379746835443038, 0.05063291139240506, 0.06329113924050633, 0.0759493670886076, 0.08860759493670886, 0.10126582278481013, 0.11392405063291139, 0.12658227848101267, 0.13924050632911392, 0.1518987341772152, 0.16455696202531644, 0.17721518987341772, 0.18987341772151897, 0.20253164556962025, 0.21518987341772153, 0.22784810126582278, 0.24050632911392406, 0.25316455696202533, 0.26582278481012656, 0.27848101265822783, 0.2911392405063291, 0.3037974683544304, 0.31645569620253167, 0.3291139240506329, 0.34177215189873417, 0.35443037974683544, 0.3670886075949367, 0.37974683544303794, 0.3924050632911392, 0.4050632911392405, 0.4177215189873418, 0.43037974683544306, 0.4430379746835443, 0.45569620253164556, 0.46835443037974683, 0.4810126582278481, 0.49367088607594933, 0.5063291139240507, 0.5189873417721519, 0.5316455696202531, 0.5443037974683544, 0.5569620253164557, 0.569620253164557, 0.5822784810126582, 0.5949367088607594, 0.6075949367088608, 0.620253164556962, 0.6329113924050633, 0.6455696202531646, 0.6582278481012658, 0.6708860759493671, 0.6835443037974683, 0.6962025316455696, 0.7088607594936709, 0.7215189873417721, 0.7341772151898734, 0.7468354430379747, 0.7594936708860759, 0.7721518987341772, 0.7848101265822784, 0.7974683544303798, 0.810126582278481, 0.8227848101265822, 0.8354430379746836, 0.8481012658227848, 0.8607594936708861, 0.8734177215189873, 0.8860759493670886, 0.8987341772151899, 0.9113924050632911, 0.9240506329113924, 0.9367088607594937, 0.9493670886075949, 0.9620253164556962, 0.9746835443037974, 0.9873417721518987, 1.0], "counts": [2661006, 2769, 5248, 8132, 11414, 16033, 20929, 28377, 35039, 45492, 57013, 65374, 76347, 94754, 103944, 131870, 130587, 158087, 178642, 225383, 198802, 284291, 263235, 300129, 351435, 353463, 427167, 491687, 320621, 569307, 695332, 454383, 737070, 546697, 1017361, 479197, 683473, 1194238, 804302, 739068, 948248, 956603, 858511, 1236230, 1024261, 1644299, 1204693, 1406180, 1547439, 1511975, 1666131, 2017204, 1859444, 2106118, 2650265, 2159957, 2572951, 3214075, 2779025, 2933245, 2887156, 3371794, 3419091, 3453849, 3547083, 3215520, 3880569, 3153629, 3115635, 3214996, 2828978, 2081195, 2863836, 1817835, 1843321, 1085864, 934629, 667820, 826359]}