{"bin_left": [1.0, 1.2416797998761615, 1.5417687254205044, 1.9143830824354562, 2.3770508026847663, 2.9515359649730897, 3.6648625863150786, 4.550585842749339, 5.650370518544292, 7.0159509346922375, 8.711564552529627, 10.81697373019325, 13.431217776572046, 16.67727180090712, 20.707831512230708, 25.712496087975886, 31.926686996834487, 39.6427223209383, 49.223567518008885, 61.119909464952, 75.89135695289072, 94.23276491359564, 117.00692067969088, 145.28512985368434, 180.3976109617049, 223.9960694770674, 278.13139472133184, 345.35013453686105, 428.81428593893514, 532.4500367486955, 661.1324550741753, 820.9148145081373, 1019.3133425938403, 1265.6607872430209, 1571.5454330150194, 1951.356218762385, 2422.959599199979, 3008.5399902426548, 3735.643333003929, 4638.4728661330355, 5759.498060151073, 7151.452398715526, 8879.813983260981, 11025.885649673048, 13690.619486943473, 16999.365664728615, 21107.768956601918, 26209.090333865726, 32543.29804069064, 40408.35579847504, 50174.23914117522, 62300.33921575311, 77357.0727296333, 96052.71458593677, 119266.71542462804, 148091.07134033926, 183881.69182531882, 228322.1823065519, 283503.0416336873], "bin_right": [1.2416797998761615, 1.5417687254205044, 1.9143830824354562, 2.3770508026847663, 2.9515359649730897, 3.6648625863150786, 4.550585842749339, 5.650370518544292, 7.0159509346922375, 8.711564552529627, 10.81697373019325, 13.431217776572046, 16.67727180090712, 20.707831512230708, 25.712496087975886, 31.926686996834487, 39.6427223209383, 49.223567518008885, 61.119909464952, 75.89135695289072, 94.23276491359564, 117.00692067969088, 145.28512985368434, 180.3976109617049, 223.9960694770674, 278.13139472133184, 345.35013453686105, 428.81428593893514, 532.4500367486955, 661.1324550741753, 820.9148145081373, 1019.3133425938403, 1265.6607872430209, 1571.5454330150194, 1951.356218762385, 2422.959599199979, 3008.5399902426548, 3735.643333003929, 4638.4728661330355, 5759.498060151073, 7151.452398715526, 8879.813983260981, 11025.885649673048, 13690.619486943473, 16999.365664728615, 21107.768956601918, 26209.090333865726, 32543.29804069064, 40408.35579847504, 50174.23914117522, 62300.33921575311, 77357.0727296333, 96052.71458593677, 119266.71542462804, 148091.07134033926, 183881.69182531882, 228322.1823065519, 283503.0416336873, 352019.99999999994], "counts": [131167, 0, 0, 20466496, 0, 23945706, 19444119, 15272826, 22157904, 8302787, 13105277, 14097154, 10133450, 9891674, 8882881, 7658130, 7242025, 6291497, 5256339, 4300064, 4027455, 3287055, 2696382, 2248057, 1821041, 1508740, 1175200, 923602, 722509, 550674, 413230, 308131, 222887, 159970, 112351, 77225, 51509, 33870, 22086, 14127, 8734, 5541, 3459, 2176, 1326, 884, 563, 342, 178, 122, 84, 57, 29, 16, 5, 9, 3, 1, 1]}