{"bin_left": [1.0, 259.46, 517.92, 776.3799999999999, 1034.84, 1293.3, 1551.7599999999998, 1810.2199999999998, 2068.68, 2327.14, 2585.6, 2844.06, 3102.5199999999995, 3360.9799999999996, 3619.4399999999996, 3877.8999999999996, 4136.36, 4394.82, 4653.28, 4911.74, 5170.2, 5428.66, 5687.12, 5945.58, 6204.039999999999, 6462.499999999999, 6720.959999999999, 6979.419999999999, 7237.879999999999, 7496.339999999999, 7754.799999999999, 8013.259999999999, 8271.72, 8530.179999999998, 8788.64, 9047.099999999999, 9305.56, 9564.019999999999, 9822.48, 10080.939999999999, 10339.4, 10597.859999999999, 10856.32, 11114.779999999999, 11373.24, 11631.699999999999, 11890.16, 12148.619999999999, 12407.079999999998, 12665.539999999999], "bin_right": [259.46, 517.92, 776.3799999999999, 1034.84, 1293.3, 1551.7599999999998, 1810.2199999999998, 2068.68, 2327.14, 2585.6, 2844.06, 3102.5199999999995, 3360.9799999999996, 3619.4399999999996, 3877.8999999999996, 4136.36, 4394.82, 4653.28, 4911.74, 5170.2, 5428.66, 5687.12, 5945.58, 6204.039999999999, 6462.499999999999, 6720.959999999999, 6979.419999999999, 7237.879999999999, 7496.339999999999, 7754.799999999999, 8013.259999999999, 8271.72, 8530.179999999998, 8788.64, 9047.099999999999, 9305.56, 9564.019999999999, 9822.48, 10080.939999999999, 10339.4, 10597.859999999999, 10856.32, 11114.779999999999, 11373.24, 11631.699999999999, 11890.16, 12148.619999999999, 12407.079999999998, 12665.539999999999, 12924.0], "counts": [216228703, 631345, 90533, 20171, 5647, 1753, 589, 208, 93, 49, 19, 9, 3, 4, 1, 0, 0, 0, 0, 0, 0, 0, 0, 0, 0, 0, 0, 0, 0, 0, 0, 0, 0, 0, 0, 0, 0, 0, 0, 0, 0, 0, 0, 0, 0, 0, 0, 0, 0, 1]}