{"bin_left": [1.0, 7041.38, 14081.76, 21122.14, 28162.52, 35202.9, 42243.28, 49283.66, 56324.04, 63364.42, 70404.8, 77445.18000000001, 84485.56, 91525.94, 98566.32, 105606.7, 112647.08, 119687.46, 126727.84, 133768.22, 140808.6, 147848.98, 154889.36000000002, 161929.74, 168970.12, 176010.5, 183050.88, 190091.26, 197131.64, 204172.02, 211212.4, 218252.78, 225293.16, 232333.54, 239373.92, 246414.30000000002, 253454.68, 260495.06, 267535.44, 274575.82, 281616.2, 288656.58, 295696.96, 302737.34, 309777.72000000003, 316818.1, 323858.48, 330898.86, 337939.24, 344979.62], "bin_right": [7041.38, 14081.76, 21122.14, 28162.52, 35202.9, 42243.28, 49283.66, 56324.04, 63364.42, 70404.8, 77445.18000000001, 84485.56, 91525.94, 98566.32, 105606.7, 112647.08, 119687.46, 126727.84, 133768.22, 140808.6, 147848.98, 154889.36000000002, 161929.74, 168970.12, 176010.5, 183050.88, 190091.26, 197131.64, 204172.02, 211212.4, 218252.78, 225293.16, 232333.54, 239373.92, 246414.30000000002, 253454.68, 260495.06, 267535.44, 274575.82, 281616.2, 288656.58, 295696.96, 302737.34, 309777.72000000003, 316818.1, 323858.48, 330898.86, 337939.24, 344979.62, 352020.0], "counts": [216963861, 11859, 2003, 707, 259, 140, 85, 54, 40, 31, 24, 14, 11, 4, 4, 6, 7, 0, 0, 2, 2, 3, 2, 2, 1, 1, 0, 2, 1, 0, 0, 0, 0, 0, 0, 0, 1, 0, 0, 0, 1, 0, 0, 0, 0, 0, 0, 0, 0, 1]}