{"K": 10, "people_share": {"0": 0.320026716946348, "1": 0.0551129838221779, "2": 0.2003628605891961, "3": 0.0091919710938225, "4": 0.0948392174735066, "5": 0.1058872753753513, "6": 0.1256095573560623, "7": 0.0289796456660703, "8": 0.0245792895491233, "9": 0.0354104821283413}}