{"K": 1, "profiles": [{"id": 0, "n_points": 120000, "share": 1.0, "tc_median": 37.0, "nch_median": 19.0, "fidelity_median": 0.903472, "catent_median": 0.7354285, "tc_mean": 78.353425, "nch_mean": 31.622108333333333, "fidelity_mean": 0.8675073486583332, "catent_mean": 0.6900866739833333}]}