{"K": 2, "profiles": [{"id": 0, "n_points": 97578, "share": 0.81315, "tc_median": 36.0, "nch_median": 20.0, "fidelity_median": 0.918111, "catent_median": 0.7706630000000001, "tc_mean": 77.42651007399209, "nch_mean": 34.55907069216422, "fidelity_mean": 0.9063200105864028, "catent_mean": 0.757299141220357}, {"id": 1, "n_points": 22422, "share": 0.18685, "tc_median": 40.0, "nch_median": 12.0, "fidelity_median": 0.736237, "catent_median": 0.415374, "tc_mean": 82.38725359022389, "nch_mean": 18.84078137543484, "fidelity_mean": 0.6985990476317903, "catent_mean": 0.3975856424939791}]}