{"K": 4, "profiles": [{"id": 0, "n_points": 74215, "share": 0.6184583333333333, "tc_median": 31.0, "nch_median": 18.0, "fidelity_median": 0.9274, "catent_median": 0.802706, "tc_mean": 45.68015899750724, "nch_mean": 23.855932089200298, "fidelity_mean": 0.9152941438253722, "catent_mean": 0.800446801104898}, {"id": 1, "n_points": 31085, "share": 0.25904166666666667, "tc_median": 45.0, "nch_median": 18.0, "fidelity_median": 0.84186, "catent_median": 0.540704, "tc_mean": 74.98800064339714, "nch_mean": 24.704519864886603, "fidelity_mean": 0.8304971032009008, "catent_mean": 0.502135845616857}, {"id": 2, "n_points": 6292, "share": 0.05243333333333333, "tc_median": 35.0, "nch_median": 6.0, "fidelity_median": 0.5163645, "catent_median": 0.3453435, "tc_mean": 73.48792116973935, "nch_mean": 9.355689764780674, "fidelity_mean": 0.46713651493960584, "catent_mean": 0.3262385406865861}, {"id": 3, "n_points": 8408, "share": 0.07006666666666667, "tc_median": 323.0, "nch_median": 122.0, "fidelity_median": 0.891773, "catent_median": 0.7021364999999999, "tc_mean": 382.83420551855374, "nch_mean": 142.40949096098953, "fidelity_mean": 0.8821481386774501, "catent_mean": 0.6831179680066604}]}