{"K": 3, "profiles": [{"id": 0, "n_points": 9254, "share": 0.07711666666666667, "tc_median": 309.0, "nch_median": 117.0, "fidelity_median": 0.8905865, "catent_median": 0.6952035, "tc_mean": 370.31132483250485, "nch_mean": 136.94056624162525, "fidelity_mean": 0.8808416641452345, "catent_mean": 0.6728184590447375}, {"id": 1, "n_points": 89378, "share": 0.7448166666666667, "tc_median": 32.0, "nch_median": 19.0, "fidelity_median": 0.9206575, "catent_median": 0.777305, "tc_mean": 48.97204009935331, "nch_mean": 24.187842645841258, "fidelity_mean": 0.9076897947481484, "catent_mean": 0.7631258433395243}, {"id": 2, "n_points": 21368, "share": 0.17806666666666668, "tc_median": 40.0, "nch_median": 11.0, "fidelity_median": 0.730989, "catent_median": 0.409048, "tc_mean": 74.80938786971171, "nch_mean": 17.107076001497568, "fidelity_mean": 0.6936575535380007, "catent_mean": 0.3920571523773867}]}