{"mean": [0.8752917862833334, 0.7021981840666667, 25.861208333333334], "scale": [0.12449014807832569, 0.20709283750989174, 34.929603660409086]}